{"assets/fonts/OFL.txt":["assets/fonts/OFL.txt"],"assets/fonts/README.txt":["assets/fonts/README.txt"],"assets/fonts/ShareTechMono-Regular.ttf":["assets/fonts/ShareTechMono-Regular.ttf"],"assets/fonts/SourceCodePro-Bold.ttf":["assets/fonts/SourceCodePro-Bold.ttf"],"assets/fonts/SourceCodePro-Italic-VariableFont_wght.ttf":["assets/fonts/SourceCodePro-Italic-VariableFont_wght.ttf"],"assets/fonts/SourceCodePro-Regular.ttf":["assets/fonts/SourceCodePro-Regular.ttf"],"assets/fonts/SourceCodePro-SemiBold.ttf":["assets/fonts/SourceCodePro-SemiBold.ttf"],"assets/fonts/SourceCodePro-VariableFont_wght.ttf":["assets/fonts/SourceCodePro-VariableFont_wght.ttf"],"assets/fonts/VT323-Regular.ttf":["assets/fonts/VT323-Regular.ttf"],"packages/cupertino_icons/assets/CupertinoIcons.ttf":["packages/cupertino_icons/assets/CupertinoIcons.ttf"],"web/assets/fonts/MaterialIcons-Regular.otf":["web/assets/fonts/MaterialIcons-Regular.otf"],"web/assets/fonts/NotoColorEmoji.ttf":["web/assets/fonts/NotoColorEmoji.ttf"],"web/assets/fonts/Roboto-Bold.ttf":["web/assets/fonts/Roboto-Bold.ttf"],"web/assets/fonts/Roboto-Regular.ttf":["web/assets/fonts/Roboto-Regular.ttf"]}