[{"family":"MaterialIcons","fonts":[{"asset":"fonts/MaterialIcons-Regular.otf"}]},{"family":"Roboto","fonts":[{"asset":"web/assets/fonts/Roboto-Regular.ttf"},{"weight":700,"style":"italic","asset":"web/assets/fonts/Roboto-Bold.ttf"}]},{"family":"MaterialIcons","fonts":[{"asset":"web/assets/fonts/MaterialIcons-Regular.otf"}]},{"family":"NotoColorEmoji","fonts":[{"asset":"web/assets/fonts/NotoColorEmoji.ttf"}]},{"family":"SourceCodePro","fonts":[{"asset":"assets/fonts/SourceCodePro-Regular.ttf"},{"weight":400,"asset":"assets/fonts/SourceCodePro-VariableFont_wght.ttf"},{"weight":600,"asset":"assets/fonts/SourceCodePro-SemiBold.ttf"},{"weight":800,"asset":"assets/fonts/SourceCodePro-Bold.ttf"}]},{"family":"ShareTechMono","fonts":[{"asset":"assets/fonts/ShareTechMono-Regular.ttf"}]},{"family":"VT323","fonts":[{"asset":"assets/fonts/VT323-Regular.ttf"}]},{"family":"packages/cupertino_icons/CupertinoIcons","fonts":[{"asset":"packages/cupertino_icons/assets/CupertinoIcons.ttf"}]}]